Date,freemocap/freemocap
2021-06-30,1
2021-07-01,3
2021-07-06,4
2021-07-08,5
2021-07-16,6
2021-07-21,87
2021-07-22,517
2021-07-23,618
2021-07-24,638
2021-07-25,659
2021-07-26,733
2021-07-27,796
2021-07-28,822
2021-07-29,834
2021-07-30,840
2021-07-31,850
2021-08-01,855
2021-08-02,861
2021-08-03,868
2021-08-04,871
2021-08-05,874
2021-08-06,884
2021-08-07,892
2021-08-08,901
2021-08-09,902
2021-08-10,904
2021-08-11,909
2021-08-12,916
2021-08-13,918
2021-08-14,919
2021-08-15,921
2021-08-16,926
2021-08-17,928
2021-08-18,933
2021-08-19,935
2021-08-21,940
2021-08-22,942
2021-08-23,947
2021-08-24,952
2021-08-25,955
2021-08-26,961
2021-08-27,966
2021-08-28,968
2021-08-29,971
2021-08-30,974
2021-08-31,975
2021-09-01,976
2021-09-02,978
2021-09-05,979
2021-09-07,981
2021-09-08,982
2021-09-09,985
2021-09-10,988
2021-09-11,990
2021-09-12,991
2021-09-14,992
2021-09-15,994
2021-09-16,995
2021-09-17,996
2021-09-18,997
2021-09-19,999
2021-09-20,1001
2021-09-21,1006
2021-09-22,1007
2021-09-27,1008
2021-09-28,1009
2021-09-29,1013
2021-09-30,1015
2021-10-08,1016
2021-10-09,1017
2021-10-10,1025
2021-10-11,1027
2021-10-12,1029
2021-10-13,1030
2021-10-14,1032
2021-10-15,1035
2021-10-16,1036
2021-10-17,1037
2021-10-18,1038
2021-10-19,1040
2021-10-20,1041
2021-10-22,1042
2021-10-24,1045
2021-10-25,1046
2021-10-27,1047
2021-10-28,1048
2021-10-29,1049
2021-11-01,1050
2021-11-02,1051
2021-11-03,1053
2021-11-04,1054
2021-11-05,1055
2021-11-07,1056
2021-11-08,1058
2021-11-11,1059
2021-11-14,1060
2021-11-15,1093
2021-11-16,1120
2021-11-17,1169
2021-11-18,1219
2021-11-19,1227
2021-11-20,1231
2021-11-21,1233
2021-11-22,1236
2021-11-23,1242
2021-11-24,1244
2021-11-25,1249
2021-11-26,1254
2021-11-27,1255
2021-11-28,1257
2021-11-29,1260
2021-11-30,1262
2021-12-02,1264
2021-12-03,1266
2021-12-04,1267
2021-12-05,1268
2021-12-06,1273
2021-12-09,1274
2021-12-10,1276
2021-12-11,1277
2021-12-13,1278
2021-12-15,1280
2021-12-16,1285
2021-12-17,1288
2021-12-18,1290
2021-12-19,1291
2021-12-20,1292
2021-12-21,1293
2021-12-22,1294
2021-12-24,1296
2021-12-25,1298
2021-12-29,1299
2021-12-30,1300
2022-01-03,1302
2022-01-04,1304
2022-01-06,1306
2022-01-07,1310
2022-01-08,1313
2022-01-09,1315
2022-01-10,1316
2022-01-14,1317
2022-01-15,1320
2022-01-16,1321
2022-01-17,1325
2022-01-18,1327
2022-01-19,1330
2022-01-20,1339
2022-01-21,1342
2022-01-22,1365
2022-01-23,1377
2022-01-24,1420
2022-01-25,1459
2022-01-26,1462
2022-01-27,1466
2022-01-28,1467
2022-01-30,1469
2022-01-31,1473
2022-02-01,1477
2022-02-02,1478
2022-02-04,1481
2022-02-06,1482
2022-02-07,1485
2022-02-08,1487
2022-02-09,1492
2022-02-10,1495
2022-02-11,1498
2022-02-14,1500
2022-02-16,1503
2022-02-17,1519
2022-02-18,1524
2022-02-19,1525
2022-02-20,1527
2022-02-21,1530
2022-02-23,1532
2022-02-24,1533
2022-02-25,1534
2022-02-26,1535
2022-02-27,1536
2022-02-28,1537
2022-03-03,1540
2022-03-04,1541
2022-03-05,1542
2022-03-06,1544
2022-03-07,1546
2022-03-08,1547
2022-03-09,1548
2022-03-10,1550
2022-03-11,1571
2022-03-12,1648
2022-03-13,1662
2022-03-14,1682
2022-03-15,1692
2022-03-16,1699
2022-03-17,1700
2022-03-18,1703
2022-03-19,1707
2022-03-20,1708
2022-03-21,1713
2022-03-22,1714
2022-03-23,1717
2022-03-24,1719
2022-03-25,1721
2022-03-26,1724
2022-03-27,1726
2022-03-29,1730
2022-03-30,1732
2022-04-02,1734
2022-04-03,1737
2022-04-04,1738
2022-04-05,1740
2022-04-06,1741
2022-04-07,1743
2022-04-10,1744
2022-04-11,1745
2022-04-12,1747
2022-04-14,1752
2022-04-15,1754
2022-04-17,1756
2022-04-18,1759
2022-04-19,1763
2022-04-20,1764
2022-04-23,1767
2022-04-25,1768
2022-04-26,1772
2022-04-27,1775
2022-04-28,1779
2022-05-03,1781
2022-05-04,1782
2022-05-06,1783
2022-05-07,1790
2022-05-08,1792
2022-05-09,1797
2022-05-10,1798
2022-05-11,1801
2022-05-12,1802
2022-05-14,1804
2022-05-15,1807
2022-05-16,1811
2022-05-17,1814
2022-05-18,1815
2022-05-19,1818
2022-05-20,1820
2022-05-22,1822
2022-05-25,1825
2022-05-26,1827
2022-05-27,1828
2022-05-29,1831
2022-05-30,1833
2022-05-31,1834
2022-06-01,1835
2022-06-02,1837
2022-06-03,1838
2022-06-04,1839
2022-06-05,1841
2022-06-06,1843
2022-06-07,1845
2022-06-09,1847
2022-06-10,1851
2022-06-11,1853
2022-06-12,1854
2022-06-13,1855
2022-06-14,1857
2022-06-15,1858
2022-06-16,1861
2022-06-17,1865
2022-06-18,1875
2022-06-19,1877
2022-06-20,1881
2022-06-21,1884
2022-06-22,1888
2022-06-23,1889
2022-06-24,1891
2022-06-25,1894
2022-06-27,1897
2022-06-28,1898
2022-06-29,1901
2022-06-30,1903
2022-07-01,1905
2022-07-02,1908
2022-07-03,1909
2022-07-04,1911
2022-07-06,1913
2022-07-07,1917
2022-07-08,1919
2022-07-09,1920
2022-07-10,1922
2022-07-11,1924
2022-07-13,1926
2022-07-14,1929
2022-07-15,1930
2022-07-16,1931
2022-07-17,1933
2022-07-18,1938
2022-07-20,1942
2022-07-21,1943
2022-07-22,1944
2022-07-25,1946
2022-07-26,1949
2022-07-27,1950
2022-07-28,1951
2022-07-29,1955
2022-07-30,1956
2022-07-31,1958
2022-08-02,1959
2022-08-03,1961
2022-08-05,1962
2022-08-07,1965
2022-08-09,1968
2022-08-10,1973
2022-08-11,1976
2022-08-12,1977
2022-08-13,1979
2022-08-14,1981
2022-08-18,1983
2022-08-19,1985
2022-08-21,1987
2022-08-22,1988
2022-08-23,1989
2022-08-24,1990
2022-08-25,1991
2022-08-26,1992
2022-08-27,1993
2022-08-28,1997
2022-08-29,1999
2022-08-30,2001
2022-08-31,2006
2022-09-02,2008
2022-09-03,2009
2022-09-04,2010
2022-09-05,2011
2022-09-06,2012
2022-09-08,2014
2022-09-11,2015
2022-09-12,2018
2022-09-13,2025
2022-09-14,2026
2022-09-15,2028
2022-09-16,2029
2022-09-17,2030
2022-09-20,2032
2022-09-21,2038
2022-09-22,2040
2022-09-23,2042
2022-09-24,2044
2022-09-25,2048
2022-09-26,2049
2022-09-27,2050
2022-09-28,2058
2022-09-29,2061
2022-09-30,2064
2022-10-02,2065
2022-10-03,2069
2022-10-04,2073
2022-10-06,2075
2022-10-07,2076
2022-10-09,2077
2022-10-10,2080
2022-10-11,2082
2022-10-12,2083
2022-10-13,2087
2022-10-15,2088
2022-10-16,2090
2022-10-17,2091
2022-10-18,2092
2022-10-19,2093
2022-10-20,2095
2022-10-23,2096
2022-10-24,2098
2022-10-25,2099
2022-10-27,2103
2022-11-02,2104
2022-11-03,2113
2022-11-04,2137
2022-11-05,2142
2022-11-06,2143
2022-11-07,2146
2022-11-08,2147
2022-11-09,2149
2022-11-10,2151
2022-11-11,2152
2022-11-12,2153
2022-11-13,2154
2022-11-14,2156
2022-11-15,2157
2022-11-16,2159
2022-11-17,2162
2022-11-19,2164
2022-11-20,2165
2022-11-22,2166
2022-11-24,2167
2022-11-25,2171
2022-11-26,2174
2022-11-28,2177
2022-11-29,2179
2022-12-03,2180
2022-12-04,2182
2022-12-06,2183
2022-12-07,2184
2022-12-08,2187
2022-12-13,2189
2022-12-14,2191
2022-12-15,2192
2022-12-17,2194
2022-12-18,2195
2022-12-20,2196
2022-12-21,2198
2022-12-24,2199
2022-12-26,2201
2022-12-27,2202
2022-12-29,2203
2022-12-30,2205
2022-12-31,2206
2023-01-01,2207
2023-01-04,2209
2023-01-05,2210
2023-01-06,2212
2023-01-08,2213
2023-01-09,2214
2023-01-10,2218
2023-01-11,2219
2023-01-13,2220
2023-01-15,2225
2023-01-17,2227
2023-01-18,2229
2023-01-19,2230
2023-01-20,2232
2023-01-21,2233
2023-01-22,2234
2023-01-23,2237
2023-01-24,2238
2023-01-25,2240
2023-01-27,2241
2023-01-28,2244
2023-01-29,2245
2023-01-31,2248
2023-02-01,2249
2023-02-03,2251
2023-02-04,2254
2023-02-05,2255
2023-02-06,2258
2023-02-07,2260
2023-02-08,2265
2023-02-10,2266
2023-02-11,2268
2023-02-12,2269
2023-02-13,2271
2023-02-14,2274
2023-02-16,2278
2023-02-17,2280
2023-02-18,2281
2023-02-21,2282
2023-02-22,2283
2023-02-23,2284
2023-02-24,2286
2023-02-25,2289
2023-02-26,2290
2023-02-27,2293
2023-02-28,2294
2023-03-02,2297
2023-03-03,2298
2023-03-04,2299
2023-03-05,2301
2023-03-06,2303
2023-03-07,2304
2023-03-08,2305
2023-03-09,2308
2023-03-11,2309
2023-03-12,2310
2023-03-13,2312
2023-03-14,2315
2023-03-15,2328
2023-03-16,2337
2023-03-17,2339
2023-03-18,2344
2023-03-20,2348
2023-03-21,2354
2023-03-22,2357
2023-03-24,2358
2023-03-25,2359
2023-03-26,2361
2023-03-27,2363
2023-03-29,2364
2023-03-30,2366
2023-03-31,2369
2023-04-01,2370
2023-04-02,2371
2023-04-03,2372
2023-04-04,2373
2023-04-05,2378
2023-04-06,2380
2023-04-07,2384
2023-04-08,2385
2023-04-09,2389
2023-04-10,2390
2023-04-11,2393
2023-04-12,2395
2023-04-13,2397
2023-04-14,2399
2023-04-15,2401
2023-04-16,2403
2023-04-17,2406
2023-04-18,2410
2023-04-19,2412
2023-04-20,2414
2023-04-21,2418
2023-04-23,2420
2023-04-24,2421
2023-04-25,2423
2023-04-27,2424
2023-04-28,2425
2023-04-30,2426
2023-05-01,2427
2023-05-02,2428
2023-05-03,2430
2023-05-04,2431
2023-05-05,2432
2023-05-06,2433
2023-05-08,2436
2023-05-09,2437
2023-05-11,2440
2023-05-12,2442
2023-05-13,2446
2023-05-14,2448
2023-05-15,2450
2023-05-16,2451
2023-05-17,2452
2023-05-18,2455
2023-05-19,2457
2023-05-20,2459
2023-05-21,2462
2023-05-22,2463
2023-05-23,2466
2023-05-25,2467
2023-05-26,2468
2023-05-27,2469
2023-05-29,2471
2023-05-30,2475
2023-05-31,2476
2023-06-01,2480
2023-06-02,2481
2023-06-04,2485
2023-06-06,2486
2023-06-07,2491
2023-06-08,2492
2023-06-09,2497
2023-06-10,2498
2023-06-11,2500
2023-06-12,2503
2023-06-13,2504
2023-06-14,2506
2023-06-15,2508
2023-06-16,2511
2023-06-17,2515
2023-06-18,2516
2023-06-19,2519
2023-06-20,2520
2023-06-22,2521
2023-06-23,2522
2023-06-25,2523
2023-06-26,2527
2023-06-27,2528
2023-06-28,2529
2023-06-29,2531
2023-06-30,2536
2023-07-01,2538
2023-07-03,2540
2023-07-04,2541
2023-07-06,2543
2023-07-07,2545
2023-07-08,2547
2023-07-09,2548
2023-07-10,2549
2023-07-11,2550
2023-07-12,2552
2023-07-13,2558
2023-07-14,2560
2023-07-15,2562
2023-07-17,2564
2023-07-18,2565
2023-07-19,2567
2023-07-20,2569
2023-07-21,2570
2023-07-23,2573
2023-07-26,2574
2023-07-27,2575
2023-07-28,2577
2023-07-29,2578
2023-07-31,2582
2023-08-01,2585
2023-08-02,2587
2023-08-03,2589
2023-08-06,2590
2023-08-07,2591
2023-08-08,2592
2023-08-10,2596
2023-08-11,2598
2023-08-13,2600
2023-08-16,2601
2023-08-17,2602
2023-08-18,2603
2023-08-20,2605
2023-08-21,2607
2023-08-25,2611
2023-08-27,2612
2023-08-28,2614
2023-08-29,2615
2023-09-01,2616
2023-09-02,2618
2023-09-03,2619
2023-09-05,2620
2023-09-06,2621
2023-09-07,2622
2023-09-08,2625
2023-09-09,2629
2023-09-10,2633
2023-09-11,2634
2023-09-12,2636
2023-09-13,2638
2023-09-14,2641
2023-09-15,2642
2023-09-16,2643
2023-09-17,2644
2023-09-18,2645
2023-09-19,2646
2023-09-21,2647
2023-09-22,2651
2023-09-23,2652
2023-09-24,2654
2023-09-25,2656
2023-09-26,2658
2023-09-27,2659
2023-09-28,2660
2023-09-29,2661
2023-10-01,2664
2023-10-02,2667
2023-10-03,2669
2023-10-04,2670
2023-10-05,2673
2023-10-06,2674
2023-10-09,2677
2023-10-10,2679
2023-10-11,2682
2023-10-12,2685
2023-10-14,2688
2023-10-16,2690
2023-10-18,2691
2023-10-20,2693
2023-10-21,2695
2023-10-23,2696
2023-10-24,2697
2023-10-25,2699
2023-10-26,2700
2023-10-28,2701
2023-10-29,2705
2023-10-30,2707
2023-11-01,2711
2023-11-02,2713
2023-11-04,2714
2023-11-05,2716
2023-11-06,2717
2023-11-07,2718
2023-11-08,2719
2023-11-09,2721
2023-11-10,2725
2023-11-12,2726
2023-11-14,2727
2023-11-15,2731
2023-11-16,2742
2023-11-17,2743
2023-11-18,2746
2023-11-19,2747
2023-11-20,2749
2023-11-21,2754
2023-11-22,2757
2023-11-23,2759
2023-11-24,2760
2023-11-25,2762
2023-11-26,2765
2023-11-29,2767
2023-11-30,2768
2023-12-01,2770
2023-12-02,2771
2023-12-03,2772
2023-12-05,2775
2023-12-06,2780
2023-12-07,2782
2023-12-08,2783
2023-12-11,2785
2023-12-12,2787
2023-12-13,2788
2023-12-14,2792
2023-12-15,2796
2023-12-17,2797
2023-12-18,2798
2023-12-19,2799
2023-12-20,2804
2023-12-21,2805
2023-12-22,2806
2023-12-23,2808
2023-12-24,2809
2023-12-27,2810
2023-12-28,2812
2023-12-29,2814
2023-12-30,2815
2023-12-31,2816
2024-01-01,2817
2024-01-02,2819
2024-01-03,2821
2024-01-04,2824
2024-01-05,2825
2024-01-06,2827
2024-01-07,2829
2024-01-08,2830
2024-01-09,2833
2024-01-10,2834
2024-01-11,2836
2024-01-12,2837
2024-01-14,2838
2024-01-15,2839
2024-01-16,2843
2024-01-18,2848
2024-01-21,2849
2024-01-22,2850
2024-01-23,2851
2024-01-24,2854
2024-01-25,2859
2024-01-26,2860
2024-01-27,2862
2024-01-28,2863
2024-01-29,2864
2024-01-30,2867
2024-02-02,2871
2024-02-03,2875
2024-02-06,2876
2024-02-07,2877
2024-02-08,2879
2024-02-09,2880
2024-02-10,2882
2024-02-11,2884
2024-02-12,2887
2024-02-13,2890
2024-02-14,2892
2024-02-15,2893
2024-02-16,2894
2024-02-18,2895
2024-02-21,2897
2024-02-23,2898
2024-02-24,2900
2024-02-25,2901
2024-02-26,2902
2024-02-27,2904
2024-02-28,2907
2024-03-01,2910
2024-03-02,2912
2024-03-03,2914
2024-03-04,2918
2024-03-05,2919
2024-03-06,2920
2024-03-07,2922
2024-03-08,2924
2024-03-09,2925
2024-03-10,2927
2024-03-12,2928
2024-03-13,2930
2024-03-14,2931
2024-03-15,2935
2024-03-16,2938
2024-03-17,2939
2024-03-18,2943
2024-03-19,2945
2024-03-20,2949
2024-03-21,2951
2024-03-22,2953
2024-03-23,2954
2024-03-25,2955
2024-03-26,2957
2024-03-28,2959
2024-03-29,2961
2024-03-30,2963
2024-03-31,2966
2024-04-01,2967
2024-04-02,2972
2024-04-03,2979
2024-04-04,2982
2024-04-05,2984
2024-04-06,2986
2024-04-07,2988
2024-04-08,2991
2024-04-09,2994
2024-04-10,2995
2024-04-11,2998
2024-04-12,3000
2024-04-13,3002
2024-04-14,3004
2024-04-15,3008
2024-04-16,3011
2024-04-17,3012
2024-04-18,3015
2024-04-19,3019
2024-04-20,3021
2024-04-23,3022
2024-04-24,3023
2024-04-25,3024
2024-04-26,3027
2024-04-27,3029
2024-04-28,3032
2024-04-30,3033
2024-05-01,3035
2024-05-02,3047
2024-05-03,3051
2024-05-04,3053
2024-05-05,3055
2024-05-07,3057
2024-05-08,3060
2024-05-09,3061
2024-05-12,3073
2024-05-13,3075
2024-05-14,3076
2024-05-15,3078
2024-05-16,3080
2024-05-17,3088
2024-05-18,3089
2024-05-19,3091
2024-05-20,3094
2024-05-21,3097
2024-05-22,3099
2024-05-23,3102
2024-05-25,3103
2024-05-26,3105
2024-05-27,3107
2024-05-28,3109
2024-05-29,3110
2024-05-30,3112
2024-06-02,3119
2024-06-03,3122
2024-06-04,3125
2024-06-05,3129
2024-06-06,3130
2024-06-09,3132
2024-06-10,3133
2024-06-12,3134
2024-06-14,3135
2024-06-15,3138
2024-06-16,3140
2024-06-17,3143
2024-06-19,3144
2024-06-20,3145
2024-06-22,3146
2024-06-23,3147
2024-06-25,3148
2024-06-26,3150
2024-06-27,3153
2024-06-28,3155
2024-07-01,3158
2024-07-02,3160
2024-07-03,3162
2024-07-05,3163
2024-07-07,3164
2024-07-08,3167
2024-07-10,3169
2024-07-11,3171
2024-07-13,3173
2024-07-14,3175
2024-07-16,3177
2024-07-17,3182
2024-07-18,3183
2024-07-20,3184
2024-07-21,3186
2024-07-22,3189
2024-07-23,3191
2024-07-24,3192
2024-07-25,3194
2024-07-26,3195
2024-07-27,3197
2024-07-29,3201
2024-07-30,3205
2024-08-03,3207
2024-08-05,3209
2024-08-06,3211
2024-08-07,3212
2024-08-08,3213
2024-08-09,3214
2024-08-10,3215
2024-08-11,3217
2024-08-12,3218
2024-08-13,3222
2024-08-14,3223
2024-08-16,3224
2024-08-18,3226
2024-08-20,3230
2024-08-21,3231
2024-08-22,3233
2024-08-23,3234
2024-08-24,3235
2024-08-26,3236
2024-08-28,3237
2024-08-29,3240
2024-08-31,3241
2024-09-01,3242
2024-09-02,3247
2024-09-03,3248
2024-09-04,3250
2024-09-05,3253
2024-09-07,3255
2024-09-09,3256
2024-09-10,3257
2024-09-11,3258
2024-09-13,3260
2024-09-14,3262
2024-09-15,3263
2024-09-16,3267
2024-09-17,3270
2024-09-18,3274
2024-09-19,3277
2024-09-20,3279
2024-09-23,3283
2024-09-24,3285
2024-09-25,3286
2024-09-27,3291
2024-09-30,3294
2024-10-01,3295
2024-10-02,3297
2024-10-03,3299
2024-10-05,3300
2024-10-06,3301
2024-10-08,3302
2024-10-09,3306
2024-10-12,3307
2024-10-13,3309
2024-10-15,3311
2024-10-16,3313
2024-10-20,3316
2024-10-22,3317
2024-10-23,3320
2024-10-25,3324
2024-10-26,3325
2024-10-28,3328
2024-10-30,3330
2024-10-31,3334
2024-11-01,3335
2024-11-02,3336
2024-11-03,3340
2024-11-04,3341
2024-11-05,3343
2024-11-06,3344
2024-11-07,3346
2024-11-08,3348
2024-11-09,3350
2024-11-10,3352
2024-11-11,3354
2024-11-12,3355
2024-11-14,3357
2024-11-15,3359
2024-11-16,3361
2024-11-17,3362
2024-11-18,3364
2024-11-19,3369
2024-11-20,3370
2024-11-22,3372
2024-11-23,3374
2024-11-24,3379
2024-11-25,3381
2024-11-26,3384
2024-11-27,3387
2024-11-28,3390
2024-11-29,3392
2024-12-01,3395
2024-12-02,3396
2024-12-03,3398
2024-12-04,3401
2024-12-05,3404
2024-12-06,3406
2024-12-07,3407
2024-12-08,3409
2024-12-09,3413
2024-12-10,3415
2024-12-11,3418
2024-12-12,3421
2024-12-13,3422
2024-12-14,3424
2024-12-15,3426
2024-12-16,3427
2024-12-18,3428
2024-12-19,3429
2024-12-20,3431
2024-12-21,3433
2024-12-22,3434
2024-12-23,3435
2024-12-24,3436
2024-12-27,3437
2024-12-30,3438
2024-12-31,3439
2025-01-01,3441
2025-01-02,3442
2025-01-03,3443
2025-01-05,3444
2025-01-06,3446
2025-01-07,3448
2025-01-08,3449
2025-01-09,3451
2025-01-10,3455
2025-01-11,3457
2025-01-12,3460
2025-01-13,3462
2025-01-14,3464
2025-01-15,3466
2025-01-16,3467
2025-01-17,3468
2025-01-18,3469
2025-01-19,3472
2025-01-20,3474
2025-01-23,3482
2025-01-24,3484
2025-01-27,3485
2025-01-28,3489
2025-01-29,3491
2025-01-30,3493
2025-01-31,3495
2025-02-03,3496
2025-02-05,3497
2025-02-06,3500
2025-02-07,3501
2025-02-09,3504
2025-02-10,3505
2025-02-11,3508
2025-02-12,3510
2025-02-17,3512
2025-02-18,3514
2025-02-19,3515
2025-02-23,3518
2025-02-24,3519
2025-02-26,3520
2025-02-27,3521
2025-02-28,3522
2025-03-01,3524
2025-03-03,3527
2025-03-04,3528
2025-03-05,3530
2025-03-06,3532
2025-03-07,3534
2025-03-10,3535
2025-03-11,3536
2025-03-12,3537
2025-03-13,3540
2025-03-14,3541
2025-03-15,3545
2025-03-16,3548
2025-03-17,3549
2025-03-18,3550
2025-03-19,3553
2025-03-20,3554
2025-03-21,3557
2025-03-22,3560
2025-03-23,3562
2025-03-25,3565
2025-03-26,3569
2025-03-28,3570
2025-03-31,3571
2025-04-01,3575
2025-04-02,3577
2025-04-03,3578
2025-04-06,3579
2025-04-07,3582
2025-04-08,3583
2025-04-11,3584
2025-04-12,3585
2025-04-13,3586
2025-04-14,3588
2025-04-16,3591
2025-04-18,3593
2025-04-19,3595
2025-04-20,3597
2025-04-22,3598
2025-04-23,3603
2025-04-24,3605
2025-04-25,3606
2025-04-26,3607
2025-04-27,3608
2025-04-28,3609
2025-04-29,3611
2025-04-30,3612
2025-05-03,3613
2025-05-04,3614
2025-05-05,3616
2025-05-07,3620
2025-05-08,3621
2025-05-11,3622
2025-05-13,3623
2025-05-15,3624
2025-05-17,3626
2025-05-18,3628
2025-05-20,3631
2025-05-24,3632
2025-05-25,3634
2025-05-26,3635
2025-05-28,3637
2025-05-29,3638
2025-05-30,3640
2025-05-31,3642
2025-06-02,3645
2025-06-03,3646
2025-06-04,3649
2025-06-05,3650
2025-06-06,3652
2025-06-07,3656
2025-06-08,3657
2025-06-09,3662
2025-06-10,3665
2025-06-12,3667
2025-06-13,3669
2025-06-16,3670
2025-06-17,3674
2025-06-18,3678
2025-06-19,3681
2025-06-21,3683
2025-06-22,3684
2025-06-23,3686
2025-06-24,3688
2025-06-25,3690
2025-06-26,3694
2025-06-27,3695
2025-06-29,3697
2025-06-30,3699
2025-07-01,3700
2025-07-02,3701
2025-07-03,3702
2025-07-04,3703
2025-07-05,3705
2025-07-07,3706
2025-07-08,3707
2025-07-09,3713
2025-07-10,3715
2025-07-11,3716
2025-07-13,3717
2025-07-14,3722
2025-07-15,3723
2025-07-16,3726
2025-07-17,3727
2025-07-18,3729
2025-07-19,3730
2025-07-20,3732
2025-07-21,3735
2025-07-22,3737
2025-07-23,3739
2025-07-24,3741
2025-07-25,3743
2025-07-26,3744
2025-07-27,3746
2025-07-28,3749
2025-07-29,3750
2025-07-30,3751
2025-08-01,3752
2025-08-02,3754
2025-08-04,3755
2025-08-05,3760
2025-08-06,3763
2025-08-07,3765
2025-08-08,3768
2025-08-12,3772
2025-08-14,3775
2025-08-15,3777
2025-08-17,3778
2025-08-18,3780
2025-08-19,3781
2025-08-20,3784
2025-08-21,3786
2025-08-22,3788
2025-08-23,3789
2025-08-24,3790
2025-08-25,3792
2025-08-27,3793
2025-08-28,3795
2025-08-29,3797
2025-08-31,3798
2025-09-01,3799
2025-09-02,3801
2025-09-08,3803
2025-09-10,3805
2025-09-11,3806
2025-09-12,3807
2025-09-13,3808
2025-09-14,3810
2025-09-15,3812
2025-09-16,3813
2025-09-17,3818
2025-09-18,3821
2025-09-19,3823
2025-09-21,3824
2025-09-23,3826
2025-09-24,3827
2025-09-25,3828
2025-09-27,3829
2025-09-28,3831
2025-09-29,3832
2025-09-30,3833
2025-10-02,3834
2025-10-03,3836
2025-10-04,3839
2025-10-06,3841
2025-10-07,3845
2025-10-08,3846
2025-10-09,3847
2025-10-10,3849
2025-10-13,3850
2025-10-14,3852
2025-10-15,3853
2025-10-16,3856
2025-10-17,3858
2025-10-18,3861
2025-10-19,3862
2025-10-20,3863
2025-10-21,3866
2025-10-22,3868
2025-10-23,3871
2025-10-24,3872
2025-10-26,3873
2025-10-27,3874
2025-10-29,3877
2025-10-30,3880
2025-10-31,3882
2025-11-01,3883
2025-11-03,3887
2025-11-04,3889
2025-11-06,3891
2025-11-07,3893
2025-11-08,3894
2025-11-09,3895
2025-11-10,3896
2025-11-11,3897
2025-11-12,3901
2025-11-14,3903
2025-11-15,3907
2025-11-16,3912
2025-11-17,3914
2025-11-18,3915
2025-11-19,3917
2025-11-20,3919
2025-11-21,3920
2025-11-22,3921
2025-11-24,3922
2025-11-26,3925
2025-11-27,3927
2025-11-28,3928
2025-11-29,3930
2025-12-01,3935
2025-12-02,3937
2025-12-04,3941
2025-12-05,3943
2025-12-06,3944
2025-12-07,3945
2025-12-08,3948
2025-12-09,3950
2025-12-10,3953
2025-12-11,3954
2025-12-12,3958
2025-12-14,3961
2025-12-15,3963
2025-12-17,3965
2025-12-18,3969
2025-12-19,3973
2025-12-20,3974
2025-12-21,3977
2025-12-22,3979
2025-12-23,3981
2025-12-24,3984
2025-12-26,3986
2025-12-27,3987
2025-12-28,3990
2025-12-29,3991
2025-12-30,3992
2025-12-31,3996
2026-01-01,3997
2026-01-02,4000
2026-01-04,4002
2026-01-05,4003
2026-01-06,4004
2026-01-08,4005
2026-01-10,4008
2026-01-11,4009
2026-01-12,4014
2026-01-13,4035
2026-01-14,4161
2026-01-15,4266
2026-01-16,4296
2026-01-17,4374
2026-01-18,4410
2026-01-19,4436
2026-01-20,4450
2026-01-21,4459
2026-01-22,4468
2026-01-23,4471
2026-01-24,4476
2026-01-25,4477
2026-01-26,4482
2026-01-27,4488
2026-01-28,4492
2026-01-29,4495
2026-01-30,4498
2026-01-31,4501
2026-02-02,4504
2026-02-03,4507
2026-02-04,4514
2026-02-05,4517
2026-02-06,4519
2026-02-07,4520
2026-02-08,4522
2026-02-09,4525
2026-02-10,4530
2026-02-11,4532
2026-02-12,4536
2026-02-13,4539
2026-02-14,4542
2026-02-15,4544
2026-02-16,4546
2026-02-17,4633
2026-02-18,4827
2026-02-19,5157
2026-02-20,5520
2026-02-21,5638
2026-02-22,5665
2026-02-23,5682
2026-02-24,5706
2026-02-25,5728
2026-02-26,5741
2026-02-27,5755
2026-02-28,5888
2026-03-01,5904
2026-03-02,5941
2026-03-03,5968
2026-03-04,5989
2026-03-05,6008
2026-03-06,6028
2026-03-07,6041
2026-03-08,6045
2026-03-09,6062
2026-03-10,6078
2026-03-11,6095
2026-03-12,6107
2026-03-13,6112
2026-03-14,6117
2026-03-15,6127
2026-03-16,6137
2026-03-17,6151
2026-03-18,6166
2026-03-19,6180
2026-03-20,6190
2026-03-21,6196
2026-03-22,6199
2026-03-23,6209
2026-03-24,6220
2026-03-25,6231
2026-03-26,6243
2026-03-27,6247
2026-03-28,6249
2026-03-29,6252
2026-03-30,6263
2026-03-31,6271
2026-04-01,6277
2026-04-02,6281
2026-04-03,6287
2026-04-04,6296
2026-04-05,6300
2026-04-06,6570
2026-04-07,6923
2026-04-08,7074
2026-04-09,7140
2026-04-10,7181
2026-04-11,7202
2026-04-12,7227
2026-04-13,7262
2026-04-14,7290
2026-04-15,7301
2026-04-16,7314
2026-04-17,7327
2026-04-18,7334
2026-04-19,7347
2026-04-20,7358
2026-04-21,7369
2026-04-22,7386
2026-04-23,7404
2026-04-24,7410
2026-04-25,7425
2026-04-26,7438
2026-04-27,7454
2026-04-28,7466
2026-04-29,7479
2026-04-30,7492
2026-05-01,7502
2026-05-02,7532
2026-05-03,7549
2026-05-04,7559
2026-05-05,7567
2026-05-06,7787
2026-05-07,8078
2026-05-08,8277
2026-05-09,8362
2026-05-10,8401
2026-05-11,8432
2026-05-12,8490
2026-05-13,8524
2026-05-14,8557
2026-05-15,8579
2026-05-16,8616
2026-05-17,8643
2026-05-18,8666
2026-05-19,8685
2026-05-20,8727
2026-05-21,8746
2026-05-22,8772
2026-05-23,8789
2026-05-24,8801